WR,N,LO_crosssection,LO_scale,LO_pdf,NLO_crosssection,NLO_scale,NLO_pdf
1000,100,3.621400000000105,+3.91% / -3.67%,+2.59% / -2.59%,4.343,+1.64% / -1.53%,+2.61% / -2.61%
1000,200,3.4562999999998643,+3.96% / -3.71%,+2.63% / -2.63%,4.135,+1.46% / -1.39%,+2.66% / -2.66%
1000,300,3.1733999999988622,+3.99% / -3.74%,+2.62% / -2.62%,3.806,+1.87% / -1.69%,+2.7% / -2.7%
1000,400,2.807699999998943,+4.01% / -3.76%,+2.64% / -2.64%,3.358,+1.71% / -1.59%,+2.68% / -2.68%
1000,500,2.340500000000514,+4.05% / -3.79%,+2.67% / -2.67%,2.805,+1.83% / -1.69%,+2.73% / -2.73%
1000,600,1.804199999999652,+4.06% / -3.79%,+2.61% / -2.61%,2.162,+1.95% / -1.79%,+2.71% / -2.71%
1000,700,1.2232999999995953,+4.09% / -3.82%,+2.65% / -2.65%,1.465,+1.66% / -1.56%,+2.69% / -2.69%
1000,800,0.6596299999996768,+4.13% / -3.85%,+2.69% / -2.69%,0.7903,+1.66% / -1.56%,+2.69% / -2.69%
1000,900,0.21313000000007332,+4.25% / -3.95%,+2.68% / -2.68%,0.2554,+2.02% / -1.88%,+2.72% / -2.72%
1500,100,0.6271099999999343,+6.07% / -5.45%,+3.18% / -3.18%,0.7748,+1.87% / -2.01%,+3.12% / -3.12%
1500,200,0.6111000000000113,+6.12% / -5.49%,+3.2% / -3.2%,0.7548,+1.77% / -1.97%,+3.18% / -3.18%
1500,300,0.5900999999998818,+6.19% / -5.55%,+3.25% / -3.25%,0.7265,+1.94% / -2.11%,+3.2% / -3.2%
1500,400,0.5573800000000972,+6.23% / -5.58%,+3.24% / -3.24%,0.6889,+1.8% / -2.01%,+3.19% / -3.19%
1500,500,0.5213999999998457,+6.24% / -5.58%,+3.12% / -3.12%,0.642,+1.86% / -2.04%,+3.23% / -3.23%
1500,600,0.4754600000000795,+6.26% / -5.61%,+3.15% / -3.15%,0.5872,+1.82% / -2.01%,+3.14% / -3.14%
1500,700,0.42518999999989227,+6.3% / -5.64%,+3.26% / -3.26%,0.5235,+1.8% / -1.99%,+3.22% / -3.22%
1500,800,0.36736999999989284,+6.3% / -5.64%,+3.16% / -3.16%,0.4527,+2.1% / -2.22%,+3.23% / -3.23%
1500,900,0.3050100000000742,+6.32% / -5.65%,+3.25% / -3.25%,0.3759,+2.26% / -2.36%,+3.32% / -3.32%
1500,1000,0.2391899999999446,+6.34% / -5.67%,+3.24% / -3.24%,0.2949,+2.11% / -2.24%,+3.29% / -3.29%
1500,1100,0.1730500000000395,+6.35% / -5.68%,+3.17% / -3.17%,0.2135,+1.94% / -2.11%,+3.23% / -3.23%
1500,1200,0.11049000000005207,+6.38% / -5.7%,+3.31% / -3.31%,0.1363,+1.94% / -2.12%,+3.21% / -3.21%
1500,1300,0.05675100000001836,+6.42% / -5.74%,+3.21% / -3.21%,0.07002,+2.06% / -2.23%,+3.24% / -3.24%
1500,1400,0.018474999999995616,+6.6% / -5.88%,+3.21% / -3.21%,0.02286,+2.14% / -2.3%,+3.32% / -3.32%
2000,100,0.1520300000000072,+7.63% / -6.72%,+4.04% / -4.04%,0.1927,+2.06% / -2.45%,+3.94% / -3.94%
2000,200,0.14905999999999847,+7.73% / -6.81%,+4.18% / -4.18%,0.1888,+2.04% / -2.45%,+3.98% / -3.98%
2000,300,0.14536000000004654,+7.77% / -6.84%,+4.02% / -4.02%,0.1843,+1.91% / -2.36%,
2000,400,0.14051999999992784,+7.83% / -6.89%,+4.27% / -4.27%,0.1782,+1.91% / -2.36%,+3.96% / -3.96%
2000,500,0.13485000000000646,+7.87% / -6.92%,+4.51% / -4.51%,0.1711,+2.01% / -2.44%,+3.97% / -3.97%
2000,600,0.128249999999957,+7.91% / -6.96%,+4.19% / -4.19%,0.1629,+2.07% / -2.48%,+4.15% / -4.15%
2000,700,0.12056000000004437,+7.95% / -6.99%,+4.28% / -4.28%,0.1537,+2.22% / -2.57%,+4.25% / -4.25%
2000,800,0.1128000000000201,+7.94% / -6.99%,+4.2% / -4.2%,0.1432,+2.18% / -2.55%,+4.16% / -4.16%
2000,900,0.10378000000003366,+7.97% / -7.01%,+4.03% / -4.03%,0.1316,+2.21% / -2.57%,+4.09% / -4.09%
2000,1000,0.09386100000001323,+7.98% / -7.02%,+4.25% / -4.25%,0.1188,+2.33% / -2.65%,+4.11% / -4.11%
2000,1100,0.08317199999998429,+7.99% / -7.02%,+4.2% / -4.2%,0.1053,+2.33% / -2.66%,+3.96% / -3.96%
2000,1200,0.0719540000000201,+8.02% / -7.05%,+4.29% / -4.29%,0.09106,+2.33% / -2.65%,+3.92% / -3.92%
2000,1300,0.060288999999990406,+8.02% / -7.05%,+4.36% / -4.36%,0.07625,+2.34% / -2.65%,+4.22% / -4.22%
2000,1400,0.04844700000001843,+8.05% / -7.07%,+4.1% / -4.1%,0.06133,+2.28% / -2.61%,+4.1% / -4.1%
2000,1500,0.036850000000018035,+8.06% / -7.08%,+4.11% / -4.11%,0.04662,+2.28% / -2.61%,+3.97% / -3.97%
2000,1600,0.025849999999994995,+8.09% / -7.1%,+4.12% / -4.12%,0.03271,+2.54% / -2.8%,+4.56% / -4.56%
2000,1700,0.016065999999995906,+8.11% / -7.12%,+4.19% / -4.19%,0.02035,+2.58% / -2.83%,+4.2% / -4.2%
2000,1800,0.008131500000004023,+8.17% / -7.17%,+4.34% / -4.34%,0.01029,+2.5% / -2.77%,+4.28% / -4.28%
2000,1900,0.0027598999999991734,+8.36% / -7.32%,+4.89% / -4.89%,0.003504,+2.59% / -2.86%,+4.87% / -4.87%
2500,100,0.043861999999987716,+8.78% / -7.63%,+6.29% / -6.29%,0.05689,+2.01% / -2.64%,+6.57% / -6.57%
2500,200,0.0431030000000042,+8.92% / -7.75%,+6.49% / -6.49%,0.05565,+2.08% / -2.68%,+6.31% / -6.31%
2500,300,0.04200599999999993,+9.05% / -7.85%,+6.43% / -6.43%,0.05442,+2.04% / -2.66%,+5.8% / -5.8%
2500,400,0.040927999999990604,+9.13% / -7.92%,+6.67% / -6.67%,0.05306,+2.03% / -2.67%,+6.2% / -6.2%
2500,500,0.03969699999999402,+9.19% / -7.97%,+6.71% / -6.71%,0.05152,+2.18% / -2.77%,+6.54% / -6.54%
2500,600,0.03826300000000029,+9.22% / -7.99%,+6.47% / -6.47%,0.04988,+2.07% / -2.71%,+6.7% / -6.7%
2500,700,0.03669999999998676,+9.25% / -8.02%,+6.74% / -6.74%,0.04797,+2.05% / -2.69%,+5.73% / -5.73%
2500,800,0.035088000000008,+9.28% / -8.05%,+6.78% / -6.78%,0.04582,+2.31% / -2.87%,+5.97% / -5.97%
2500,900,0.03348399999999485,+9.32% / -8.08%,+6.55% / -6.55%,0.04349,+2.37% / -2.9%,+6.41% / -6.41%
2500,1000,0.03152499999999443,+9.34% / -8.09%,+6.48% / -6.48%,0.04094,+2.4% / -2.93%,+6.19% / -6.19%
2500,1100,0.029392999999989768,+9.36% / -8.11%,+6.58% / -6.58%,0.03827,+2.5% / -2.98%,+6.34% / -6.34%
2500,1200,0.02713299999998967,+9.38% / -8.13%,+6.96% / -6.96%,0.03538,,+6.85% / -6.85%
2500,1300,0.024834999999993557,+9.39% / -8.13%,+7.18% / -7.18%,0.03236,+2.43% / -2.93%,+6.05% / -6.05%
2500,1400,0.022464999999994444,+9.41% / -8.15%,+6.74% / -6.74%,0.02915,+2.64% / -3.08%,+6.67% / -6.67%
2500,1500,0.01994000000000259,+9.43% / -8.17%,+6.6% / -6.6%,0.02586,+2.72% / -3.13%,+6.65% / -6.65%
2500,1600,0.0173570000000052,+9.42% / -8.16%,+7.18% / -7.18%,0.02249,+2.69% / -3.11%,+6.91% / -6.91%
2500,1700,0.014693999999996075,+9.45% / -8.18%,+7.07% / -7.07%,0.01906,+2.71% / -3.13%,+6.69% / -6.69%
2500,1800,0.012082999999996761,+9.46% / -8.19%,+7.5% / -7.5%,0.01566,+2.85% / -3.22%,+6.39% / -6.39%
2500,1900,0.009524000000002931,+9.49% / -8.21%,+7.02% / -7.02%,0.01236,+2.92% / -3.28%,+6.84% / -6.84%
2500,2000,0.0071090999999995535,+9.5% / -8.22%,+7.05% / -7.05%,0.009227,+2.87% / -3.24%,+6.61% / -6.61%
2500,2100,0.004914200000000793,+9.51% / -8.23%,+7.27% / -7.27%,0.00637,+2.81% / -3.21%,+7.11% / -7.11%
2500,2200,0.003011599999999193,+9.55% / -8.26%,+7.47% / -7.47%,0.003909,+3.02% / -3.35%,+7.15% / -7.15%
2500,2300,0.001521699999999813,+9.61% / -8.3%,+7.58% / -7.58%,0.00198,+2.94% / -3.31%,+7.64% / -7.64%
2500,2400,0.0005403700000002746,+9.79% / -8.44%,+9.03% / -9.03%,0.0007055,+2.98% / -3.37%,+8.53% / -8.53%
3000,100,0.01424300000000347,+9.55% / -8.2%,+11.1% / -11.1%,0.01869,+2.24% / -2.95%,+10.8% / -10.8%
3000,200,0.0138889999999967,+9.75% / -8.36%,+11.8% / -11.8%,0.01828,,+11.4% / -11.4%
3000,300,0.013467999999997537,+9.94% / -8.52%,+11.3% / -11.3%,0.01782,+2.37% / -3.08%,+11% / -11%
3000,400,0.01309599999999811,+10.1% / -8.63%,+12.2% / -12.2%,0.01736,+2.21% / -2.98%,+10.8% / -10.8%
3000,500,0.012726000000002987,+10.2% / -8.71%,+11.6% / -11.6%,0.01688,+2.32% / -3.08%,+10.4% / -10.4%
3000,600,0.012362999999996363,+10.3% / -8.78%,+11.6% / -11.6%,0.01642,+2.46% / -3.19%,+11.2% / -11.2%
3000,700,0.011957999999995176,+10.3% / -8.81%,+12.2% / -12.2%,0.01591,+2.39% / -3.13%,+11.9% / -11.9%
3000,800,0.011549000000002453,+10.3% / -8.84%,+12.6% / -12.6%,0.01537,+2.66% / -3.32%,+11.4% / -11.4%
3000,900,0.011115000000003013,+10.4% / -8.89%,+12.3% / -12.3%,0.01481,+2.8% / -3.42%,+11.3% / -11.3%
3000,1000,0.010652999999997567,+10.4% / -8.91%,+12.3% / -12.3%,0.01418,+2.71% / -3.34%,+12.2% / -12.2%
3000,1100,0.010179999999997753,+10.4% / -8.92%,+12.4% / -12.4%,0.01356,+2.88% / -3.46%,+11.6% / -11.6%
3000,1200,0.009647499999998777,+10.5% / -8.95%,+12.5% / -12.5%,0.01286,+2.82% / -3.41%,+10.7% / -10.7%
3000,1300,0.00913880000000166,+10.5% / -8.96%,+12.9% / -12.9%,0.01216,+3.02% / -3.56%,+10.7% / -10.7%
3000,1400,0.008536900000001367,+10.5% / -8.99%,+12.6% / -12.6%,0.01141,+2.93% / -3.49%,+10.8% / -10.8%
3000,1500,0.007948699999997031,+10.5% / -8.99%,+13.3% / -13.3%,0.01061,+2.95% / -3.5%,+11.6% / -11.6%
3000,1600,0.007337799999997521,+10.5% / -8.99%,+13.2% / -13.2%,0.009786,+2.76% / -3.38%,+11.3% / -11.3%
3000,1700,0.006719299999997105,+10.6% / -9.01%,+12.9% / -12.9%,0.008932,+2.81% / -3.41%,+11.7% / -11.7%
3000,1800,0.006066500000001175,+10.6% / -9.02%,+12.9% / -12.9%,0.00806,+3.1% / -3.61%,+11% / -11%
3000,1900,0.005403299999998486,+10.6% / -9.03%,+13% / -13%,0.00717,+2.83% / -3.42%,+11.7% / -11.7%
3000,2000,0.004729500000001242,+10.6% / -9.04%,+12.6% / -12.6%,0.006282,+3.17% / -3.66%,+11.8% / -11.8%
3000,2100,0.00405559999999863,+10.6% / -9.05%,+12.9% / -12.9%,0.005391,+3.24% / -3.72%,+11.1% / -11.1%
3000,2200,0.0033949000000001784,+10.6% / -9.07%,+13% / -13%,0.004511,+3.11% / -3.62%,+12.4% / -12.4%
3000,2300,0.002759699999999433,+10.6% / -9.08%,+13% / -13%,0.003657,+3.11% / -3.63%,+11.7% / -11.7%
3000,2400,0.0021479000000003538,+10.7% / -9.09%,+13.1% / -13.1%,0.002848,+3.49% / -3.9%,+11.7% / -11.7%
3000,2500,0.0015848999999998,+10.7% / -9.09%,+13.8% / -13.8%,0.002101,+3.01% / -3.57%,+13% / -13%
3000,2600,0.0010835000000001776,+10.7% / -9.1%,+13.7% / -13.7%,0.001438,+3.24% / -3.74%,+12.8% / -12.8%
3000,2700,0.00066043,+10.7% / -9.13%,+14% / -14%,0.0008781,+3.14% / -3.67%,+12.8% / -12.8%
3000,2800,0.0003358300000000302,+10.8% / -9.16%,+15.4% / -15.4%,0.0004465,+3.08% / -3.65%,+13.9% / -13.9%
3000,2900,0.0001253599999999884,+10.9% / -9.27%,+18.1% / -18.1%,0.0001672,+3.22% / -3.78%,+15.8% / -15.8%
3500,100,0.005119399999997853,+9.64% / -8.2%,+18% / -18%,0.006771,+2.16% / -3.01%,+17.6% / -17.6%
3500,200,0.004910500000000512,+10.1% / -8.6%,+19.2% / -19.2%,0.006554,+2.38% / -3.2%,+17.3% / -17.3%
3500,300,0.004745700000000525,+10.4% / -8.8%,+20.1% / -20.1%,0.006351,+2.41% / -3.25%,+18% / -18%
3500,400,0.0045912000000005735,+10.6% / -8.98%,+20.8% / -20.8%,0.006165,+2.49% / -3.33%,+18.3% / -18.3%
3500,500,0.00444229999999862,+10.7% / -9.1%,+21% / -21%,0.005995,+2.54% / -3.38%,+18.6% / -18.6%
3500,600,0.004307199999999212,+10.9% / -9.22%,+21.4% / -21.4%,0.005829,+2.56% / -3.4%,+20.2% / -20.2%
3500,700,0.004176100000000225,+11% / -9.29%,+21.2% / -21.2%,0.005653,+2.69% / -3.5%,+19.1% / -19.1%
3500,800,0.004045600000000632,+11% / -9.34%,+21.8% / -21.8%,0.00548,+2.92% / -3.66%,+19.8% / -19.8%
3500,900,0.0039067000000015655,+11.1% / -9.41%,+22% / -22%,0.005301,+2.86% / -3.62%,+19.8% / -19.8%
3500,1000,0.003779100000000221,+11.2% / -9.42%,+23.4% / -23.4%,0.005121,+2.83% / -3.59%,+20.6% / -20.6%
3500,1100,0.003649800000000335,+11.3% / -9.51%,+21.7% / -21.7%,0.004937,+3.03% / -3.74%,+20.1% / -20.1%
3500,1200,0.003487400000001235,+11.2% / -9.5%,+23.6% / -23.6%,0.00474,+3.14% / -3.81%,+20.9% / -20.9%
3500,1300,0.0033422000000006605,+11.3% / -9.52%,+23.7% / -23.7%,0.004538,+3.03% / -3.73%,+19.5% / -19.5%
3500,1400,0.00318610000000121,+11.3% / -9.53%,+23% / -23%,0.004331,+3.24% / -3.88%,+20.1% / -20.1%
3500,1500,0.0030311999999989535,+11.3% / -9.57%,+23.4% / -23.4%,0.004112,+3.02% / -3.73%,+20.9% / -20.9%
3500,1600,0.0028634999999991124,+11.3% / -9.58%,+23.4% / -23.4%,0.003892,+3.08% / -3.78%,+20.3% / -20.3%
3500,1700,0.002698499999999258,+11.4% / -9.58%,+24.1% / -24.1%,0.003658,+3.16% / -3.84%,+20% / -20%
3500,1800,0.0025211999999992006,+11.4% / -9.6%,+24.1% / -24.1%,0.003422,+3.23% / -3.88%,+21.5% / -21.5%
3500,1900,0.0023449000000004606,+11.4% / -9.6%,+24.2% / -24.2%,0.00318,+3.22% / -3.87%,+20.9% / -20.9%
3500,2000,0.0021697000000000773,+11.4% / -9.61%,+23.5% / -23.5%,0.002932,+3.32% / -3.95%,+21.4% / -21.4%
3500,2100,0.0019769999999998578,+11.4% / -9.63%,+23.9% / -23.9%,0.002679,+3.52% / -4.09%,+21.5% / -21.5%
3500,2200,0.001795000000000391,+11.4% / -9.63%,+23.7% / -23.7%,0.002425,+3.47% / -4.06%,+21.1% / -21.1%
3500,2300,0.001604499999999594,+11.4% / -9.63%,+23.9% / -23.9%,0.002169,,+20.9% / -20.9%
3500,2400,0.0014167999999996877,+11.5% / -9.65%,+24.1% / -24.1%,0.001913,+3.52% / -4.1%,+21.5% / -21.5%
3500,2500,0.0012282000000002216,+11.5% / -9.65%,+24.2% / -24.2%,0.001659,+3.49% / -4.08%,+21.9% / -21.9%
3500,2600,0.0010451999999999359,+11.5% / -9.66%,+24.8% / -24.8%,0.001409,+3.48% / -4.08%,+20.7% / -20.7%
3500,2700,0.0008661699999998419,+11.5% / -9.66%,+24.5% / -24.5%,0.001169,+3.49% / -4.09%,+21.7% / -21.7%
3500,2800,0.0006964099999999271,+11.5% / -9.66%,+24.8% / -24.8%,0.0009404,+3.53% / -4.12%,+21.3% / -21.3%
3500,2900,0.0005376099999999195,+11.5% / -9.68%,+24.9% / -24.9%,0.0007263,+3.41% / -4.04%,+21.9% / -21.9%
3500,3000,0.00039393000000012676,+11.5% / -9.71%,+25% / -25%,0.0005315,,+23.5% / -23.5%
3500,3100,0.00026822000000002976,+11.5% / -9.72%,+25.6% / -25.6%,0.0003618,+3.55% / -4.15%,+22.7% / -22.7%
3500,3200,0.00016284999999999032,+11.6% / -9.74%,+26.7% / -26.7%,0.0002205,+3.44% / -4.07%,+24.1% / -24.1%
3500,3300,8.393700000000216e-05,+11.6% / -9.74%,+28% / -28%,0.0001135,+3.4% / -4.06%,+24.8% / -24.8%
3500,3400,3.32860000000002e-05,+11.7% / -9.79%,+33% / -33%,4.491e-05,+3.47% / -4.12%,+29.2% / -29.2%
4000,100,0.002059199999999776,+9.33% / -7.89%,+28.2% / -28.2%,0.002714,+2.32% / -3.1%,+25.5% / -25.5%
4000,200,0.0019480000000005279,+9.91% / -8.38%,+29.3% / -29.3%,0.002594,+2.62% / -3.34%,+27.5% / -27.5%
4000,300,0.001857099999999729,+10.3% / -8.73%,+30.7% / -30.7%,0.00249,+2.63% / -3.41%,+28.1% / -28.1%
4000,400,0.0017808000000006845,+10.7% / -9.01%,+31.6% / -31.6%,0.0024,+2.77% / -3.55%,+30.2% / -30.2%
4000,500,0.0017080000000003575,+10.9% / -9.15%,+32.8% / -32.8%,0.002317,+2.55% / -3.45%,+30% / -30%
4000,600,0.0016446999999995755,+11.1% / -9.3%,+33.4% / -33.4%,0.002238,+2.66% / -3.54%,+31.3% / -31.3%
4000,700,0.0015893999999994275,+11.2% / -9.45%,+34.2% / -34.2%,0.002168,+2.79% / -3.64%,+32.1% / -32.1%
4000,800,0.0015366000000006312,+11.3% / -9.5%,+35.6% / -35.6%,0.0021,+3.08% / -3.85%,+32.6% / -32.6%
4000,900,0.001489800000000342,+11.5% / -9.62%,+36.4% / -36.4%,0.002033,+3.17% / -3.92%,+33.1% / -33.1%
4000,1000,0.001434700000000392,+11.5% / -9.67%,+36.4% / -36.4%,0.001963,+3.32% / -4.02%,+33.3% / -33.3%
4000,1100,0.0013859000000002487,+11.6% / -9.7%,+37.3% / -37.3%,0.001898,+3.34% / -4.04%,+32.6% / -32.6%
4000,1200,0.0013364999999997253,+11.6% / -9.74%,+38.6% / -38.6%,0.001831,+3.11% / -3.89%,+33.7% / -33.7%
4000,1300,0.0012922000000002074,+11.7% / -9.78%,+38.9% / -38.9%,0.001765,+3.38% / -4.07%,+34.4% / -34.4%
4000,1400,0.0012372999999999566,+11.7% / -9.81%,+37.7% / -37.7%,0.001697,+3.37% / -4.07%,+33.8% / -33.8%
4000,1500,0.00118930000000051,+11.8% / -9.85%,+38.4% / -38.4%,0.00163,+3.28% / -4.01%,+34.1% / -34.1%
4000,1600,0.001139199999999888,+11.8% / -9.86%,+40.6% / -40.6%,0.001563,+3.31% / -4.03%,+34% / -34%
4000,1700,0.0010870999999998186,+11.8% / -9.87%,+39.5% / -39.5%,0.001489,,+34.8% / -34.8%
4000,1800,0.0010352000000003793,+11.8% / -9.88%,+40.6% / -40.6%,0.001418,+3.28% / -4.02%,+34.8% / -34.8%
4000,1900,0.000981620000000171,+11.8% / -9.9%,+39.8% / -39.8%,0.001343,+3.38% / -4.1%,+35.7% / -35.7%
4000,2000,0.0009256400000001872,+11.8% / -9.91%,+39.6% / -39.6%,0.001268,+3.39% / -4.1%,+35% / -35%
4000,2100,0.0008716999999998001,+11.9% / -9.95%,+40.9% / -40.9%,0.001192,+3.49% / -4.16%,+36.9% / -36.9%
4000,2200,0.0008142400000000257,+11.9% / -9.96%,+38.9% / -38.9%,0.001114,+3.42% / -4.13%,+36.9% / -36.9%
4000,2300,0.0007584700000001739,+11.9% / -9.93%,+41.3% / -41.3%,0.001036,+3.64% / -4.28%,+37.1% / -37.1%
4000,2400,0.0007005800000000297,+11.9% / -9.97%,+40.1% / -40.1%,0.0009558,+3.55% / -4.22%,+36.9% / -36.9%
4000,2500,0.0006427699999998218,+11.9% / -9.96%,+40.4% / -40.4%,0.0008757,+3.68% / -4.32%,+36.8% / -36.8%
4000,2600,0.0005834199999998495,+11.9% / -9.96%,+40.6% / -40.6%,0.000795,+3.54% / -4.23%,+37.3% / -37.3%
4000,2700,0.0005249400000000949,+11.9% / -9.96%,+41.5% / -41.5%,0.0007141,+3.57% / -4.24%,+37.7% / -37.7%
4000,2800,0.00046586000000007623,+11.9% / -9.97%,+41.7% / -41.7%,0.0006344,+3.54% / -4.23%,+37% / -37%
4000,2900,0.00040797000000016324,+12% / -9.99%,+41.6% / -41.6%,0.0005566,+3.61% / -4.27%,+38.9% / -38.9%
4000,3000,0.0003514899999999145,+12% / -9.99%,+42% / -42%,0.0004786,+3.72% / -4.35%,+38.3% / -38.3%
4000,3100,0.00029683000000003745,+11.9% / -9.97%,+42.3% / -42.3%,0.000404,+3.71% / -4.35%,+39.3% / -39.3%
4000,3200,0.000244759999999946,+12% / -9.99%,+42.4% / -42.4%,0.0003332,+3.69% / -4.34%,+39.8% / -39.8%
4000,3300,0.00019569999999990019,+12% / -9.98%,+43.9% / -43.9%,0.0002663,+3.68% / -4.34%,+38.8% / -38.8%
4000,3400,0.00015033999999996108,+12% / -9.99%,+43.4% / -43.4%,0.0002046,+3.58% / -4.26%,+41.1% / -41.1%
4000,3500,0.00010968999999999007,+12% / -10%,+42.7% / -42.7%,0.0001491,+3.76% / -4.39%,+39.7% / -39.7%
4000,3600,7.448200000000208e-05,+12% / -10%,+44.1% / -44.1%,0.0001011,+3.72% / -4.36%,+41.2% / -41.2%
4000,3700,4.566599999999893e-05,+12% / -10%,+46.2% / -46.2%,6.196e-05,+3.69% / -4.34%,+42.3% / -42.3%
4000,3800,2.396300000000682e-05,+12% / -10%,+47.9% / -47.9%,3.25e-05,+3.72% / -4.38%,+43.8% / -43.8%
4000,3900,1.002400000000427e-05,+12% / -10%,+53.8% / -53.8%,1.365e-05,+3.78% / -4.42%,+49.9% / -49.9%
4500,100,0.0009464299999999514,+8.59% / -7.29%,+37.3% / -37.3%,0.001234,+2.57% / -3.14%,+36.7% / -36.7%
4500,200,0.0008776799999997562,+9.37% / -7.94%,+38.9% / -38.9%,0.001158,+2.69% / -3.31%,+37.5% / -37.5%
4500,300,0.0008253300000001666,+9.93% / -8.39%,+41.1% / -41.1%,0.001097,+2.57% / -3.32%,+39.1% / -39.1%
4500,400,0.0007804399999998105,+10.4% / -8.75%,+43.2% / -43.2%,0.001045,+2.62% / -3.4%,+42.3% / -42.3%
4500,500,0.0007440499999998413,,+46.3% / -46.3%,0.0009991,+2.99% / -3.7%,+43.7% / -43.7%
4500,600,0.0007103500000000221,+10.9% / -9.14%,+48.2% / -48.2%,0.0009568,+2.76% / -3.58%,+44.8% / -44.8%
4500,700,0.0006770000000002374,+11.1% / -9.36%,+49.3% / -49.3%,0.0009202,+2.96% / -3.75%,+46.4% / -46.4%
4500,800,0.0006536800000001536,+11.3% / -9.48%,+50.5% / -50.5%,0.0008871,+3.21% / -3.93%,+47.3% / -47.3%
4500,900,0.0006284799999997828,+11.4% / -9.59%,+52.5% / -52.5%,0.0008561,+2.81% / -3.68%,+48.3% / -48.3%
4500,1000,0.0006063200000000382,+11.5% / -9.67%,+52.8% / -52.8%,0.0008268,+3.29% / -4.02%,+49.2% / -49.2%
4500,1100,0.0005841399999999558,+11.7% / -9.75%,+53.6% / -53.6%,0.0007979,+3.13% / -3.93%,+50.1% / -50.1%
4500,1200,0.0005622599999998422,+11.7% / -9.77%,+55.3% / -55.3%,0.000771,+3.25% / -4.02%,+52.4% / -52.4%
4500,1300,0.0005422099999998584,+11.8% / -9.85%,+56.3% / -56.3%,0.0007442,+3.65% / -4.28%,+53.3% / -53.3%
4500,1400,0.0005252900000000563,+11.8% / -9.87%,+58% / -58%,0.0007182,+3.38% / -4.11%,+52.4% / -52.4%
4500,1500,0.0005046500000001177,+11.9% / -9.92%,+57% / -57%,0.0006932,+3.25% / -4.01%,+54.7% / -54.7%
4500,1600,0.0004860899999997576,+11.9% / -9.94%,+58.9% / -58.9%,0.0006673,+3.27% / -4.04%,+54.8% / -54.8%
4500,1700,0.0004678499999999404,+12% / -9.98%,+59.7% / -59.7%,0.0006416,+3.43% / -4.15%,+54.3% / -54.3%
4500,1800,0.0004490500000000358,+12% / -9.98%,+59.7% / -59.7%,0.0006167,+3.38% / -4.13%,+54% / -54%
4500,1900,0.0004303699999998902,+12% / -9.98%,+62.3% / -62.3%,0.0005906,+3.51% / -4.22%,+54.7% / -54.7%
4500,2000,0.0004113100000000765,+12% / -9.99%,+60.5% / -60.5%,0.0005642,+3.47% / -4.2%,+55.3% / -55.3%
4500,2100,0.000391700000000114,+12% / -10%,+60.3% / -60.3%,0.0005373,+3.54% / -4.24%,+56.4% / -56.4%
4500,2200,0.00037315999999997136,+12% / -10%,+61.2% / -61.2%,0.0005105,+3.62% / -4.3%,+56.2% / -56.2%
4500,2300,0.0003527399999999837,+12% / -10%,+62.9% / -62.9%,0.0004837,+3.54% / -4.25%,+57.5% / -57.5%
4500,2400,0.0003329100000000546,+12.1% / -10%,+61.8% / -61.8%,0.0004563,+3.5% / -4.23%,+58.1% / -58.1%
4500,2500,0.0003137599999999561,+12% / -10%,+61.3% / -61.3%,0.0004289,+3.6% / -4.3%,+57.5% / -57.5%
4500,2600,0.0002929699999999486,+12.1% / -10.1%,+63.8% / -63.8%,0.000401,+3.55% / -4.26%,+58.6% / -58.6%
4500,2700,0.00027311999999999654,+12.1% / -10.1%,+61.5% / -61.5%,0.0003732,+3.73% / -4.39%,+56.8% / -56.8%
4500,2800,0.00025334999999991023,+12.1% / -10.1%,+61.7% / -61.7%,0.0003451,+3.52% / -4.25%,+58.9% / -58.9%
4500,2900,0.00023234000000009865,+12.1% / -10.1%,+62.5% / -62.5%,0.0003172,+3.65% / -4.33%,+60.2% / -60.2%
4500,3000,0.00021185000000009676,+12.1% / -10.1%,+62.6% / -62.6%,0.0002889,+3.57% / -4.28%,+60% / -60%
4500,3100,0.0001917399999999657,+12.1% / -10.1%,+63.1% / -63.1%,0.0002611,+3.6% / -4.3%,+60.3% / -60.3%
4500,3200,0.00017145000000008714,+12.1% / -10.1%,+63.7% / -63.7%,0.0002335,+3.83% / -4.47%,+58.8% / -58.8%
4500,3300,0.0001515499999999733,+12.1% / -10.1%,+63.7% / -63.7%,0.0002065,+3.58% / -4.29%,+58.5% / -58.5%
4500,3400,0.0001320400000000467,+12.1% / -10.1%,+64% / -64%,0.0001798,+3.57% / -4.28%,+59.5% / -59.5%
4500,3500,0.000113270000000035,+12.1% / -10.1%,+64.8% / -64.8%,0.0001541,+3.58% / -4.29%,+61.2% / -61.2%
4500,3600,9.52229999999716e-05,+12.1% / -10.1%,+63.4% / -63.4%,0.0001294,+3.62% / -4.3%,+60.7% / -60.7%
4500,3700,7.820599999999907e-05,+12.1% / -10.1%,+64.5% / -64.5%,0.0001063,+3.79% / -4.44%,+59.6% / -59.6%
4500,3800,6.226899999998204e-05,+12.1% / -10.1%,+65.2% / -65.2%,8.464e-05,+3.86% / -4.48%,+62.4% / -62.4%
4500,3900,4.771899999998883e-05,+12.1% / -10.1%,+65.1% / -65.1%,6.484e-05,+3.73% / -4.39%,+62% / -62%
4500,4000,3.4758000000000625e-05,+12.1% / -10.1%,+65.9% / -65.9%,4.722e-05,+3.78% / -4.42%,+62.9% / -62.9%
4500,4100,2.367300000000954e-05,+12.2% / -10.1%,+66.9% / -66.9%,3.216e-05,+3.67% / -4.35%,+63.3% / -63.3%
4500,4200,1.4629000000003674e-05,+12.1% / -10.1%,+68.9% / -68.9%,1.988e-05,+3.77% / -4.41%,+65.7% / -65.7%
4500,4300,7.862600000000793e-06,+12.2% / -10.2%,+72.8% / -72.8%,1.067e-05,+3.77% / -4.42%,+66.2% / -66.2%
4500,4400,3.504899999998496e-06,+12.3% / -10.2%,+75.4% / -75.4%,4.767e-06,+3.91% / -4.52%,+72.5% / -72.5%
5000,100,0.0004923900000001188,+7.8% / -6.66%,+41.2% / -41.2%,0.0006336,+2.32% / -2.84%,+40.6% / -40.6%
5000,200,0.000449369999999901,+8.77% / -7.47%,+46% / -46%,0.0005846,+2.25% / -2.9%,+46.1% / -46.1%
5000,300,0.00041537000000011333,,+49% / -49%,0.0005456,+2.59% / -3.23%,+48.1% / -48.1%
5000,400,0.0003873099999998675,+9.89% / -8.39%,+53% / -53%,0.0005126,+2.36% / -3.15%,+51.1% / -51.1%
5000,500,0.0003636199999998996,+10.3% / -8.73%,+56.5% / -56.5%,0.0004841,+2.34% / -3.18%,+53.3% / -53.3%
5000,600,0.0003433199999999715,+10.7% / -8.99%,+58% / -58%,0.0004602,+2.61% / -3.43%,+55.4% / -55.4%
5000,700,0.000326249999999961,+10.9% / -9.2%,+59.8% / -59.8%,0.0004396,+2.65% / -3.48%,+58.8% / -58.8%
5000,800,0.0003110699999999402,+11.2% / -9.38%,+64.1% / -64.1%,0.0004204,+2.65% / -3.53%,+60.4% / -60.4%
5000,900,0.0002978200000000061,+11.3% / -9.52%,+65.3% / -65.3%,0.0004036,,+64% / -64%
5000,1000,0.0002855699999999572,+11.5% / -9.62%,+68% / -68%,0.0003876,+3.06% / -3.83%,+64.2% / -64.2%
5000,1100,0.0002746199999999139,+11.6% / -9.75%,+68.2% / -68.2%,0.0003733,+3.05% / -3.85%,+65.8% / -65.8%
5000,1200,0.00026411000000000435,+11.7% / -9.79%,+69.2% / -69.2%,0.0003596,+3.53% / -4.2%,+66.1% / -66.1%
5000,1300,0.0002545399999999206,+11.8% / -9.87%,+72.3% / -72.3%,0.0003477,+3.52% / -4.2%,+67.9% / -67.9%
5000,1400,0.00024488999999996844,+11.9% / -9.92%,+71.8% / -71.8%,0.0003354,+3.32% / -4.06%,+71.1% / -71.1%
5000,1500,0.00023703999999991873,+11.9% / -9.96%,+74.9% / -74.9%,0.0003237,+3.33% / -4.09%,+70.7% / -70.7%
5000,1600,0.00022788000000005515,+12% / -10%,+74.3% / -74.3%,0.0003125,+3.18% / -3.99%,+71% / -71%
5000,1700,0.00022019999999996182,+12% / -10%,+76.9% / -76.9%,0.0003017,+3.33% / -4.09%,+74.1% / -74.1%
5000,1800,0.00021224999999989267,+12% / -10%,+78.9% / -78.9%,0.0002907,+3.46% / -4.19%,+74.2% / -74.2%
5000,1900,0.00020458999999998774,+12.1% / -10.1%,+78.9% / -78.9%,0.0002801,+3.57% / -4.27%,+73.6% / -73.6%
5000,2000,0.00019690999999993477,+12.1% / -10.1%,+80% / -80%,0.0002697,+3.57% / -4.27%,+75.9% / -75.9%
5000,2100,0.0001890299999999602,+12.1% / -10.1%,+79.1% / -79.1%,0.0002588,+3.47% / -4.21%,+75.4% / -75.4%
5000,2200,0.00018147000000004145,+12.1% / -10.1%,+80.2% / -80.2%,0.0002484,+3.63% / -4.32%,+76.8% / -76.8%
5000,2300,0.00017374000000004602,+12.1% / -10.1%,+80.8% / -80.8%,0.0002376,+3.48% / -4.22%,+77.2% / -77.2%
5000,2400,0.00016633999999996407,+12.2% / -10.1%,+82.1% / -82.1%,0.0002273,+3.54% / -4.26%,+76.8% / -76.8%
5000,2500,0.00015823999999999008,+12.2% / -10.1%,+81.6% / -81.6%,0.0002163,+3.54% / -4.27%,+78% / -78%
5000,2600,0.00015040000000001255,+12.1% / -10.1%,+82.6% / -82.6%,0.0002056,+3.69% / -4.36%,+78.5% / -78.5%
5000,2700,0.0001426199999999248,+12.2% / -10.1%,+83% / -83%,0.0001949,+3.64% / -4.33%,+77.3% / -77.3%
5000,2800,0.00013464999999997514,+12.2% / -10.1%,+82.4% / -82.4%,0.0001841,+3.69% / -4.37%,+79% / -79%
5000,2900,0.00012687999999994143,+12.2% / -10.1%,+81.7% / -81.7%,0.0001731,+3.66% / -4.34%,+79.4% / -79.4%
5000,3000,0.00011883000000004217,+12.1% / -10.1%,+81.8% / -81.8%,0.0001622,+3.71% / -4.38%,+78.9% / -78.9%
5000,3100,0.00011085999999997874,+12.1% / -10.1%,+82.8% / -82.8%,0.0001512,+3.86% / -4.48%,+80.6% / -80.6%
5000,3200,0.00010303000000002293,+12.2% / -10.2%,+83% / -83%,0.0001402,+3.73% / -4.39%,+80.4% / -80.4%
5000,3300,9.47199999999748e-05,+12.2% / -10.2%,+83.7% / -83.7%,0.0001291,+3.57% / -4.27%,+81.4% / -81.4%
5000,3400,8.676600000002236e-05,+12.2% / -10.2%,+83.3% / -83.3%,0.0001182,+3.6% / -4.29%,+81.3% / -81.3%
5000,3500,7.894299999997473e-05,+12.2% / -10.2%,+83.7% / -83.7%,0.0001074,+3.68% / -4.34%,+81.6% / -81.6%
5000,3600,7.111299999998274e-05,+12.2% / -10.2%,+84.3% / -84.3%,9.671e-05,+3.86% / -4.48%,+82.4% / -82.4%
5000,3700,6.339999999999247e-05,+12.2% / -10.2%,+83.7% / -83.7%,8.617e-05,+3.8% / -4.44%,+81.8% / -81.8%
5000,3800,5.5845000000027625e-05,+12.2% / -10.2%,+84.3% / -84.3%,7.588e-05,+3.84% / -4.46%,+82.8% / -82.8%
5000,3900,4.8482000000014895e-05,+12.2% / -10.2%,+85.5% / -85.5%,6.585e-05,+3.89% / -4.5%,+82.6% / -82.6%
5000,4000,4.1446999999982624e-05,+12.2% / -10.2%,+84.5% / -84.5%,5.633e-05,+3.81% / -4.44%,+83.4% / -83.4%
5000,4100,3.475299999999748e-05,+12.2% / -10.2%,+86.1% / -86.1%,4.721e-05,+3.86% / -4.48%,+83.9% / -83.9%
5000,4200,2.8427000000007638e-05,+12.2% / -10.2%,+85.8% / -85.8%,3.861e-05,+3.81% / -4.44%,+83.5% / -83.5%
5000,4300,2.2664000000000476e-05,+12.2% / -10.2%,+90.6% / -90.6%,3.069e-05,+3.87% / -4.47%,+83.5% / -83.5%
5000,4400,1.7318000000006423e-05,+12.2% / -10.2%,+87.5% / -87.5%,2.352e-05,+3.82% / -4.45%,+83.9% / -83.9%
5000,4500,1.2630000000005974e-05,+12.2% / -10.2%,+87.8% / -87.8%,1.715e-05,+3.89% / -4.49%,+83.5% / -83.5%
5000,4600,8.621599999999687e-06,+12.2% / -10.2%,+89.3% / -89.3%,1.172e-05,,+84.3% / -84.3%
5000,4700,5.3753999999977285e-06,+12.3% / -10.3%,+89.2% / -89.2%,7.316e-06,+3.86% / -4.47%,+86.2% / -86.2%
5000,4800,2.9506999999994054e-06,+12.4% / -10.3%,+90.6% / -90.6%,4.013e-06,+3.81% / -4.44%,+88.6% / -88.6%
5000,4900,1.389600000000573e-06,+12.5% / -10.5%,+95% / -95%,1.898e-06,+4.02% / -4.61%,+93.4% / -93.4%
5500,100,0.0002832700000000155,+7.1% / -6.11%,+41.6% / -41.6%,0.0003613,+1.97% / -2.51%,+44.2% / -44.2%
5500,200,0.000254180000000116,+8.2% / -7.03%,+46.2% / -46.2%,0.0003285,+2.26% / -2.82%,+47.4% / -47.4%
5500,300,0.00023104999999997016,+9.02% / -7.7%,+50.8% / -50.8%,0.0003015,+2.29% / -2.95%,+52.5% / -52.5%
5500,400,0.0002124000000000739,+9.53% / -8.12%,+54% / -54%,0.0002793,+2.5% / -3.18%,+56% / -56%
5500,500,0.0001971599999999863,+10.1% / -8.55%,+58.1% / -58.1%,0.0002613,+2.64% / -3.34%,+59.2% / -59.2%
5500,600,0.000183930000000006,+10.4% / -8.84%,+61.7% / -61.7%,0.0002457,+2.43% / -3.26%,+62.5% / -62.5%
5500,700,0.0001729600000000529,+10.9% / -9.17%,+66.5% / -66.5%,0.000232,+2.69% / -3.48%,+65.1% / -65.1%
5500,800,0.0001633999999999678,+11.1% / -9.35%,+69.7% / -69.7%,0.0002204,+2.72% / -3.55%,+68.8% / -68.8%
5500,900,0.00015507999999996323,+11.3% / -9.55%,+72.2% / -72.2%,0.0002099,+2.8% / -3.64%,+71.4% / -71.4%
5500,1000,0.0001476800000000267,+11.5% / -9.69%,+75% / -75%,0.0002005,+2.88% / -3.73%,+72.7% / -72.7%
5500,1100,0.0001411199999999524,+11.7% / -9.83%,+77.9% / -77.9%,0.0001921,+2.97% / -3.82%,+76.9% / -76.9%
5500,1200,0.0001353100000000012,+11.8% / -9.94%,+80.7% / -80.7%,0.0001846,+2.99% / -3.84%,+80.6% / -80.6%
5500,1300,0.00013016000000002053,+11.9% / -10%,+82% / -82%,0.0001777,+3.24% / -4.02%,+82% / -82%
5500,1400,0.00012509999999995802,+12.1% / -10.1%,+84.3% / -84.3%,0.0001715,+3.24% / -4.02%,+83% / -83%
5500,1500,0.00012060999999999431,+12.1% / -10.2%,+86.9% / -86.9%,0.0001652,+3.09% / -3.95%,+85.4% / -85.4%
5500,1600,0.00011641999999998467,+12.2% / -10.2%,+87.5% / -87.5%,0.0001596,+3.28% / -4.08%,+85.6% / -85.6%
5500,1700,0.00011233000000001025,+12.2% / -10.2%,+90.1% / -90.1%,0.0001542,+3.29% / -4.1%,+88.2% / -88.2%
5500,1800,0.0001085300000000152,+12.3% / -10.3%,+89.7% / -89.7%,0.0001491,+3.28% / -4.09%,+88% / -88%
5500,1900,0.00010457000000004098,+12.3% / -10.3%,+90.6% / -90.6%,0.000144,+3.42% / -4.2%,+89.5% / -89.5%
5500,2000,0.00010102999999997506,+12.4% / -10.3%,+92.5% / -92.5%,0.0001391,+3.4% / -4.18%,+89.5% / -89.5%
5500,2100,9.758400000004022e-05,+12.4% / -10.3%,+93% / -93%,0.0001341,+3.37% / -4.17%,+91.9% / -91.9%
5500,2200,9.403100000000092e-05,+12.4% / -10.4%,+94.5% / -94.5%,0.0001296,+3.54% / -4.28%,+92.7% / -92.7%
5500,2300,9.078900000002182e-05,+12.4% / -10.4%,+95.5% / -95.5%,0.0001248,+3.43% / -4.21%,+92.3% / -92.3%
5500,2400,8.73740000000007e-05,+12.4% / -10.4%,+96% / -96%,0.0001201,+3.5% / -4.25%,+94.2% / -94.2%
5500,2500,8.391999999998052e-05,+12.4% / -10.4%,+95.8% / -95.8%,0.0001154,+3.71% / -4.42%,+94.3% / -94.3%
5500,2600,8.056400000001669e-05,+12.4% / -10.4%,+95.9% / -95.9%,0.0001108,+3.66% / -4.37%,+95.1% / -95.1%
5500,2700,7.719900000000978e-05,+12.5% / -10.4%,+96.8% / -96.8%,0.0001061,+3.68% / -4.39%,+94.6% / -94.6%
5500,2800,7.383800000001787e-05,+12.5% / -10.4%,+97.3% / -97.3%,0.0001014,+3.76% / -4.44%,+94.5% / -94.5%
5500,2900,7.04089999999792e-05,+12.5% / -10.4%,+97.3% / -97.3%,9.665e-05,+3.6% / -4.33%,+97.2% / -97.2%
5500,3000,6.703799999999124e-05,+12.5% / -10.4%,+99% / -99%,9.195e-05,+3.47% / -4.24%,+96.2% / -96.2%
5500,3100,6.358099999997916e-05,+12.5% / -10.4%,+98.7% / -98.7%,8.729e-05,+3.55% / -4.3%,+96.7% / -96.7%
5500,3200,6.024199999997849e-05,+12.5% / -10.4%,+97.3% / -97.3%,8.248e-05,+3.91% / -4.55%,+97.1% / -97.1%
5500,3300,5.674199999998413e-05,+12.5% / -10.4%,+97% / -97%,7.773e-05,+3.74% / -4.43%,+96.6% / -96.6%
5500,3400,5.326700000000909e-05,+12.5% / -10.4%,+98.6% / -98.6%,7.29e-05,+3.66% / -4.37%,+98.6% / -98.6%
5500,3500,4.976799999998751e-05,+12.5% / -10.4%,+99% / -99%,6.81e-05,+3.64% / -4.36%,+97.6% / -97.6%
5500,3600,4.634900000000671e-05,+12.5% / -10.4%,+97.4% / -97.4%,6.328e-05,+3.82% / -4.48%,+97.9% / -97.9%
5500,3700,4.281499999999166e-05,+12.5% / -10.4%,+98.7% / -98.7%,5.855e-05,+3.73% / -4.41%,+99% / -99%
5500,3800,3.9391000000000376e-05,+12.5% / -10.5%,+97.2% / -97.2%,5.383e-05,+3.83% / -4.48%,+99.8% / -99.8%
5500,3900,3.5988999999990605e-05,+12.5% / -10.5%,+98.8% / -98.8%,4.912e-05,+3.78% / -4.44%,+98.7% / -98.7%
5500,4000,3.257299999998893e-05,+12.5% / -10.5%,+99.3% / -99.3%,4.445e-05,+3.87% / -4.5%,+98.8% / -98.8%
5500,4100,2.9231000000006826e-05,+12.5% / -10.5%,+99.5% / -99.5%,3.993e-05,+3.83% / -4.48%,+100% / -100%
5500,4200,2.5987000000009362e-05,+12.5% / -10.5%,+100% / -100%,3.544e-05,+3.81% / -4.46%,+100% / -100%
5500,4300,2.2817999999993038e-05,+12.5% / -10.4%,+101% / -101%,3.114e-05,+3.83% / -4.47%,+100% / -100%
5500,4400,1.9773000000004417e-05,+12.6% / -10.5%,+100% / -100%,2.699e-05,+3.89% / -4.52%,+99.8% / -99.8%
5500,4500,1.6865999999994068e-05,+12.5% / -10.5%,+101% / -101%,2.3e-05,+3.81% / -4.47%,+98.7% / -98.7%
5500,4600,1.4086000000004872e-05,+12.5% / -10.5%,+102% / -102%,1.923e-05,+3.89% / -4.52%,+99.9% / -99.9%
5500,4700,1.1511999999995225e-05,+12.6% / -10.5%,+102% / -102%,1.569e-05,+3.86% / -4.49%,+99.5% / -99.5%
5500,4800,9.14239999999702e-06,+12.5% / -10.5%,+102% / -102%,1.247e-05,+3.9% / -4.52%,+102% / -102%
5500,4900,6.993299999998282e-06,+12.6% / -10.5%,+102% / -102%,9.543e-06,+3.85% / -4.49%,+100% / -100%
5500,5000,5.101299999999973e-06,+12.6% / -10.5%,+103% / -103%,6.968e-06,+3.89% / -4.52%,+102% / -102%
5500,5100,3.491499999998206e-06,+12.7% / -10.6%,+104% / -104%,4.766e-06,+3.81% / -4.47%,+102% / -102%
5500,5200,2.19389999999923e-06,+12.7% / -10.6%,+104% / -104%,3.002e-06,+3.87% / -4.52%,+103% / -103%
5500,5300,1.2248999999998451e-06,+12.8% / -10.7%,+105% / -105%,1.682e-06,+3.93% / -4.57%,+104% / -104%
5500,5400,5.981599999999748e-07,+13.1% / -10.9%,+109% / -109%,8.258e-07,,+107% / -107%
6000,100,0.00017430000000008406,+6.59% / -5.69%,+37.1% / -37.1%,0.0002216,+2.23% / -2.61%,+39.2% / -39.2%
6000,200,0.0001539300000000091,+7.76% / -6.68%,+42.9% / -42.9%,0.0001983,,+44.8% / -44.8%
6000,300,0.00013782000000002795,+8.59% / -7.36%,+46.5% / -46.5%,0.0001797,+2.4% / -2.98%,+50.4% / -50.4%
6000,400,0.00012480000000004106,+9.35% / -7.98%,+51.9% / -51.9%,0.000164,+2.19% / -2.95%,+54.1% / -54.1%
6000,500,0.00011418999999996525,+9.94% / -8.45%,+57.5% / -57.5%,0.0001512,+2.45% / -3.19%,+57.2% / -57.2%
6000,600,0.00010550999999996093,+10.4% / -8.84%,+61.3% / -61.3%,0.0001408,+2.52% / -3.33%,+63.9% / -63.9%
6000,700,9.803800000002265e-05,+10.8% / -9.13%,+66.2% / -66.2%,0.0001315,+2.69% / -3.48%,+66.2% / -66.2%
6000,800,9.163299999995602e-05,+11.2% / -9.42%,+69.9% / -69.9%,0.0001238,+2.85% / -3.65%,+71.1% / -71.1%
6000,900,8.616100000000572e-05,+11.5% / -9.65%,+75.5% / -75.5%,0.0001171,+3.11% / -3.87%,+74% / -74%
6000,1000,8.14199999999998e-05,+11.7% / -9.83%,+77.4% / -77.4%,0.0001112,+2.81% / -3.71%,+77.1% / -77.1%
6000,1100,7.729699999997779e-05,+11.9% / -10%,+81.6% / -81.6%,0.0001059,+3.07% / -3.92%,+81.4% / -81.4%
6000,1200,7.366899999996753e-05,+12.1% / -10.1%,+84.4% / -84.4%,0.0001011,+2.94% / -3.85%,+83.4% / -83.4%
6000,1300,7.036299999999168e-05,+12.3% / -10.3%,+86.6% / -86.6%,9.677e-05,+3.1% / -3.98%,+86.5% / -86.5%
6000,1400,6.746699999997659e-05,+12.4% / -10.4%,+90.4% / -90.4%,9.319e-05,+3.18% / -4.07%,+89% / -89%
6000,1500,6.480700000000529e-05,+12.5% / -10.5%,+91.4% / -91.4%,8.971e-05,+3.2% / -4.09%,+90.2% / -90.2%
6000,1600,6.244900000002256e-05,+12.6% / -10.5%,+95.1% / -95.1%,8.647e-05,+3.31% / -4.18%,+94.3% / -94.3%
6000,1700,6.019000000002208e-05,+12.7% / -10.6%,+96.5% / -96.5%,8.337e-05,+3.22% / -4.12%,+95.3% / -95.3%
6000,1800,5.8128000000020515e-05,+12.7% / -10.6%,+98.9% / -98.9%,8.059e-05,+3.38% / -4.24%,+97.2% / -97.2%
6000,1900,5.617900000002187e-05,+12.8% / -10.7%,+98.6% / -98.6%,7.794e-05,+3.28% / -4.17%,+98.5% / -98.5%
6000,2000,5.430999999999258e-05,+12.8% / -10.7%,+101% / -101%,7.532e-05,+3.4% / -4.27%,+101% / -101%
6000,2100,5.2538000000016294e-05,+12.9% / -10.7%,+103% / -103%,7.287e-05,+3.52% / -4.35%,+100% / -100%
6000,2200,5.0770000000012e-05,+12.9% / -10.8%,+102% / -102%,7.055e-05,+3.36% / -4.25%,+100% / -100%
6000,2300,4.9049000000019195e-05,+12.9% / -10.8%,+103% / -103%,6.825e-05,+3.57% / -4.4%,+105% / -105%
6000,2400,4.7440999999988564e-05,+12.9% / -10.8%,+105% / -105%,6.596e-05,+3.66% / -4.45%,+104% / -104%
6000,2500,4.590799999998955e-05,+13% / -10.8%,+105% / -105%,6.378e-05,+3.51% / -4.37%,+103% / -103%
6000,2600,4.430499999999715e-05,+13% / -10.8%,+104% / -104%,6.15e-05,+3.66% / -4.46%,+104% / -104%
6000,2700,4.2733999999990264e-05,+13% / -10.8%,+107% / -107%,5.93e-05,+3.57% / -4.4%,+106% / -106%
6000,2800,4.110800000001409e-05,+13% / -10.9%,+105% / -105%,5.717e-05,+3.74% / -4.52%,+105% / -105%
6000,2900,3.9572000000006525e-05,+13% / -10.8%,+107% / -107%,5.503e-05,+3.75% / -4.51%,+108% / -108%
6000,3000,3.7991999999996685e-05,+13% / -10.8%,+108% / -108%,5.283e-05,+3.61% / -4.42%,+107% / -107%
6000,3100,3.642299999999865e-05,+13% / -10.9%,+109% / -109%,5.058e-05,+3.76% / -4.53%,+108% / -108%
6000,3200,3.486400000000341e-05,+13% / -10.9%,+109% / -109%,4.842e-05,+3.61% / -4.43%,+107% / -107%
6000,3300,3.330899999999729e-05,+13% / -10.9%,+109% / -109%,4.622e-05,+3.72% / -4.5%,+108% / -108%
6000,3400,3.1703999999991475e-05,+13.1% / -10.9%,+110% / -110%,4.396e-05,+3.67% / -4.47%,+108% / -108%
6000,3500,3.0089999999990965e-05,+13.1% / -10.9%,+111% / -111%,4.177e-05,+3.83% / -4.58%,+108% / -108%
6000,3600,2.8478999999993972e-05,+13.1% / -10.9%,+110% / -110%,3.956e-05,+3.77% / -4.54%,+110% / -110%
6000,3700,2.6911999999992532e-05,+13.1% / -10.9%,+109% / -109%,3.731e-05,+3.85% / -4.58%,+110% / -110%
6000,3800,2.5300999999994346e-05,+13.1% / -10.9%,+108% / -108%,3.508e-05,+3.89% / -4.62%,+109% / -109%
6000,3900,2.3690000000003495e-05,+13.1% / -10.9%,+109% / -109%,3.287e-05,+3.83% / -4.58%,+109% / -109%
6000,4000,2.2088999999995953e-05,+13.1% / -10.9%,+109% / -109%,3.06e-05,+3.77% / -4.53%,+110% / -110%
6000,4100,2.0500000000006038e-05,+13.1% / -10.9%,+110% / -110%,2.839e-05,+3.77% / -4.53%,+110% / -110%
6000,4200,1.8895999999996293e-05,+13.1% / -10.9%,+109% / -109%,2.616e-05,+3.79% / -4.53%,+110% / -110%
6000,4300,1.73380000000012e-05,+13.1% / -10.9%,+110% / -110%,2.398e-05,+3.76% / -4.52%,+111% / -111%
6000,4400,1.5774000000002594e-05,+13.1% / -10.9%,+111% / -111%,2.183e-05,+3.91% / -4.62%,+111% / -111%
6000,4500,1.4252999999997244e-05,+13.1% / -10.9%,+111% / -111%,1.973e-05,+3.85% / -4.59%,+109% / -109%
6000,4600,1.2752000000002073e-05,+13.1% / -10.9%,+111% / -111%,1.766e-05,+4.06% / -4.73%,+110% / -110%
6000,4700,1.1310000000002963e-05,+13.1% / -10.9%,+111% / -111%,1.567e-05,+4.02% / -4.69%,+111% / -111%
6000,4800,9.907399999998986e-06,+13.2% / -11%,+110% / -110%,1.372e-05,+4.02% / -4.69%,+112% / -112%
6000,4900,8.568400000003235e-06,+13.2% / -11%,+112% / -112%,1.186e-05,+3.77% / -4.52%,+111% / -111%
6000,5000,7.269399999998218e-06,+13.2% / -11%,+112% / -112%,1.009e-05,+3.93% / -4.64%,+113% / -113%
6000,5100,6.074299999998052e-06,+13.2% / -11%,+113% / -113%,8.407e-06,+3.98% / -4.67%,+112% / -112%
6000,5200,4.949400000000952e-06,+13.2% / -11%,+113% / -113%,6.85e-06,+3.98% / -4.67%,+112% / -112%
6000,5300,3.92059999999807e-06,+13.2% / -11%,+113% / -113%,5.428e-06,+3.97% / -4.68%,+113% / -113%
6000,5400,2.9921000000007e-06,+13.2% / -11%,+114% / -114%,4.145e-06,+3.98% / -4.68%,+113% / -113%
6000,5500,2.1819000000001493e-06,+13.3% / -11.1%,+113% / -113%,3.023e-06,+3.9% / -4.63%,+114% / -114%
6000,5600,1.494699999999901e-06,+13.4% / -11.1%,+113% / -113%,2.076e-06,+3.91% / -4.65%,+113% / -113%
6000,5700,9.426599999997233e-07,+13.4% / -11.2%,+114% / -114%,1.311e-06,+4.08% / -4.78%,+113% / -113%
6000,5800,5.322000000000738e-07,+13.6% / -11.3%,+115% / -115%,7.43e-07,+4.14% / -4.85%,+116% / -116%
6000,5900,2.659400000000478e-07,+13.9% / -11.5%,+117% / -117%,3.751e-07,+4.31% / -5.01%,+117% / -117%
6500,100,0.00011296999999996217,+6.01% / -5.22%,+31.4% / -31.4%,0.0001428,+1.84% / -2.29%,+36% / -36%
6500,200,9.811499999997026e-05,+7.25% / -6.27%,+36.8% / -36.8%,0.0001258,+1.95% / -2.48%,+40.2% / -40.2%
6500,300,8.641199999996587e-05,+8.29% / -7.12%,+42.7% / -42.7%,0.000112,+2.26% / -2.84%,+45.8% / -45.8%
6500,400,7.704600000000602e-05,+9.03% / -7.72%,+46.7% / -46.7%,0.0001013,+2.27% / -2.96%,+50.6% / -50.6%
6500,500,6.955299999998014e-05,+9.68% / -8.24%,+51.3% / -51.3%,9.212e-05,+2.31% / -3.07%,+53.6% / -53.6%
6500,600,6.328199999999583e-05,+10.3% / -8.73%,+57.8% / -57.8%,8.455e-05,+2.56% / -3.33%,+60.8% / -60.8%
6500,700,5.808200000001507e-05,+10.7% / -9.08%,+61.9% / -61.9%,7.814e-05,+2.69% / -3.52%,+64.4% / -64.4%
6500,800,5.364099999998815e-05,+11.2% / -9.44%,+66.9% / -66.9%,7.286e-05,+2.83% / -3.66%,+68.5% / -68.5%
6500,900,4.986600000001339e-05,+11.5% / -9.71%,+70.7% / -70.7%,6.814e-05,+2.85% / -3.73%,+73.6% / -73.6%
6500,1000,4.662700000000716e-05,+11.9% / -9.99%,+75.8% / -75.8%,6.408e-05,+3.09% / -3.96%,+76.9% / -76.9%
6500,1100,4.38120000000067e-05,+12.2% / -10.2%,+80.3% / -80.3%,6.061e-05,+3.03% / -3.94%,+80.3% / -80.3%
6500,1200,4.138900000000176e-05,+12.4% / -10.4%,+83.8% / -83.8%,5.745e-05,+3.22% / -4.12%,+85.2% / -85.2%
6500,1300,3.927399999999547e-05,+12.6% / -10.6%,+87.3% / -87.3%,5.472e-05,+3.26% / -4.17%,+87.6% / -87.6%
6500,1400,3.7395999999987205e-05,+12.8% / -10.7%,+90.7% / -90.7%,5.227e-05,+3.31% / -4.22%,+90.3% / -90.3%
6500,1500,3.573899999998705e-05,+12.9% / -10.8%,+93.7% / -93.7%,5.013e-05,+3.35% / -4.29%,+94.2% / -94.2%
6500,1600,3.4250000000012054e-05,+13.1% / -10.9%,+96.7% / -96.7%,4.81e-05,+3.36% / -4.32%,+96.1% / -96.1%
6500,1700,3.288099999999318e-05,+13.2% / -11%,+98.2% / -98.2%,4.63e-05,+3.35% / -4.33%,+98.9% / -98.9%
6500,1800,3.169699999998513e-05,+13.3% / -11%,+102% / -102%,4.465e-05,+3.34% / -4.33%,+101% / -101%
6500,1900,3.0571000000005796e-05,+13.4% / -11.1%,+104% / -104%,4.316e-05,+3.53% / -4.47%,+103% / -103%
6500,2000,2.950699999998991e-05,+13.5% / -11.2%,+105% / -105%,4.171e-05,+3.44% / -4.42%,+105% / -105%
6500,2100,2.853399999999106e-05,+13.5% / -11.2%,+107% / -107%,4.031e-05,+3.52% / -4.49%,+105% / -105%
6500,2200,2.7626999999984897e-05,+13.5% / -11.2%,+108% / -108%,3.903e-05,+3.54% / -4.5%,+107% / -107%
6500,2300,2.676899999999413e-05,+13.6% / -11.3%,+109% / -109%,3.785e-05,+3.72% / -4.63%,+109% / -109%
6500,2400,2.5864999999991283e-05,+13.6% / -11.3%,+108% / -108%,3.664e-05,+3.58% / -4.54%,+110% / -110%
6500,2500,2.506100000000079e-05,+13.6% / -11.3%,+111% / -111%,3.547e-05,+3.69% / -4.62%,+110% / -110%
6500,2600,2.425199999998851e-05,+13.7% / -11.4%,+111% / -111%,3.434e-05,+3.68% / -4.62%,+111% / -111%
6500,2700,2.3528000000000616e-05,+13.7% / -11.4%,+113% / -113%,3.328e-05,+3.78% / -4.68%,+112% / -112%
6500,2800,2.274800000000027e-05,+13.7% / -11.4%,+114% / -114%,3.221e-05,+3.75% / -4.66%,+114% / -114%
6500,2900,2.1987000000004145e-05,+13.7% / -11.4%,+113% / -113%,3.113e-05,+3.86% / -4.74%,+113% / -113%
6500,3000,2.1219999999998702e-05,+13.8% / -11.4%,+114% / -114%,3.009e-05,+3.77% / -4.69%,+113% / -113%
6500,3100,2.04599999999928e-05,+13.8% / -11.4%,+115% / -115%,2.9e-05,+3.92% / -4.76%,+115% / -115%
6500,3200,1.971299999999813e-05,+13.8% / -11.4%,+116% / -116%,2.792e-05,+3.91% / -4.77%,+115% / -115%
6500,3300,1.8975999999993938e-05,+13.8% / -11.5%,+117% / -117%,2.688e-05,+3.99% / -4.81%,+115% / -115%
6500,3400,1.8255999999997855e-05,+13.8% / -11.5%,+116% / -116%,2.585e-05,+4.04% / -4.85%,+117% / -117%
6500,3500,1.7486000000001747e-05,+13.8% / -11.5%,+117% / -117%,2.478e-05,+3.89% / -4.75%,+116% / -116%
6500,3600,1.673799999999801e-05,+13.8% / -11.5%,+117% / -117%,2.37e-05,+3.95% / -4.79%,+117% / -117%
6500,3700,1.5978999999997432e-05,+13.8% / -11.5%,+118% / -118%,2.264e-05,+3.91% / -4.76%,+117% / -117%
6500,3800,1.5218000000001929e-05,+13.8% / -11.5%,+119% / -119%,2.154e-05,+3.91% / -4.77%,+116% / -116%
6500,3900,1.4463000000002926e-05,+13.9% / -11.5%,+118% / -118%,2.049e-05,+3.9% / -4.75%,+117% / -117%
6500,4000,1.371599999999999e-05,+13.9% / -11.5%,+116% / -116%,1.941e-05,+4.1% / -4.89%,+119% / -119%
6500,4100,1.2959999999994867e-05,+13.9% / -11.5%,+116% / -116%,1.834e-05,+4.03% / -4.85%,+118% / -118%
6500,4200,1.2198000000005027e-05,+13.9% / -11.5%,+116% / -116%,1.727e-05,+3.98% / -4.81%,+118% / -118%
6500,4300,1.1439000000002416e-05,+13.9% / -11.5%,+116% / -116%,1.618e-05,,+118% / -118%
6500,4400,1.0700999999997086e-05,+13.9% / -11.5%,+117% / -117%,1.511e-05,+4.16% / -4.93%,+119% / -119%
6500,4500,9.94589999999913e-06,+13.9% / -11.5%,+117% / -117%,1.404e-05,+4.11% / -4.9%,+119% / -119%
6500,4600,9.195599999998701e-06,+13.9% / -11.5%,+117% / -117%,1.3e-05,+3.9% / -4.76%,+120% / -120%
6500,4700,8.470000000002214e-06,+13.9% / -11.5%,+117% / -117%,1.196e-05,+3.97% / -4.8%,+119% / -119%
6500,4800,7.73849999999878e-06,+13.9% / -11.5%,+118% / -118%,1.093e-05,+4.09% / -4.88%,+119% / -119%
6500,4900,7.031700000000951e-06,+13.9% / -11.6%,+119% / -119%,9.922e-06,+4.08% / -4.88%,+119% / -119%
6500,5000,6.328999999999599e-06,+14% / -11.6%,+118% / -118%,8.945e-06,+4.12% / -4.91%,+118% / -118%
6500,5100,5.653000000002382e-06,+14% / -11.6%,+119% / -119%,7.982e-06,+4.01% / -4.83%,+120% / -120%
6500,5200,4.995400000000842e-06,+14% / -11.6%,+120% / -120%,7.055e-06,+4.07% / -4.87%,+119% / -119%
6500,5300,4.365599999998411e-06,+14% / -11.6%,+119% / -119%,6.164e-06,+4.06% / -4.87%,+119% / -119%
6500,5400,3.7552000000011685e-06,+14% / -11.6%,+119% / -119%,5.319e-06,+4.3% / -5.04%,+120% / -120%
6500,5500,3.1899000000009404e-06,+14% / -11.6%,+119% / -119%,4.513e-06,+4.16% / -4.94%,+120% / -120%
6500,5600,2.653499999999379e-06,+14% / -11.6%,+120% / -120%,3.76e-06,+4.19% / -4.96%,+120% / -120%
6500,5700,2.159099999999404e-06,+14% / -11.6%,+121% / -121%,3.056e-06,+4.25% / -5.02%,+119% / -119%
6500,5800,1.703199999999482e-06,+14.1% / -11.7%,+119% / -119%,2.415e-06,+4.22% / -4.99%,+120% / -120%
6500,5900,1.2991000000004904e-06,+14.1% / -11.7%,+120% / -120%,1.842e-06,+4.18% / -4.97%,+120% / -120%
6500,6000,9.459499999998934e-07,+14.2% / -11.7%,+121% / -121%,1.342e-06,+4.06% / -4.9%,+121% / -121%
6500,6100,6.482900000000828e-07,+14.2% / -11.8%,+121% / -121%,9.212e-07,+4.33% / -5.13%,+115% / -115%
6500,6200,4.0885999999984417e-07,+14.3% / -11.8%,+121% / -121%,5.837e-07,+4.49% / -5.22%,+120% / -120%
6500,6300,2.3231999999994992e-07,+14.5% / -12%,+122% / -122%,3.329e-07,+4.41% / -5.2%,+124% / -124%
6500,6400,1.1763000000000845e-07,+14.8% / -12.2%,+124% / -124%,1.702e-07,+4.6% / -5.38%,+125% / -125%
